brand,disc,plastic,run,score
Innova,Destroyer,Star,[],97
Innova,Destroyer,GStar,[],21
Innova,Destroyer,Champion,[],15
Innova,Destroyer,Pro,[],15
Innova,Destroyer,Blizzard,[],5
Innova,Destroyer,EchoStar,[],5
Innova,Destroyer,Metal flake,[],2
Innova,Aviar,DX,[],52
Innova,Aviar,McPro,[],25
Innova,Aviar,KC Pro,[],24
Innova,Aviar,Star,[],13
Innova,Aviar,DX-Classic,[],9
Innova,Aviar,Yeti Pro,[],9
Innova,Aviar,R-Pro,[],4
Innova,Aviar,G-Star,[],3
Innova,Aviar,XT,[],2
Innova,Aviar,JK -x,[],2
Innova,Roc3,Champion,[],69
Innova,Roc3,McPro,[],27
Innova,Roc3,Star,[],11
Innova,Roc3,DX,[],5
Innova,Roc3,Pro,[],4
Innova,Roc3,Gstar,[],2
Innova,Firebird,Sexton Glow Champion ,[],49
Innova,Firebird,Champion,[],47
Innova,Firebird,Star,[],19
Innova,Firebird,Glow Champion,[],13
Innova,Thunderbird,Champion,[],48
Innova,Thunderbird,Star,[],10
Innova,Thunderbird,G Star,[],7
Innova,Thunderbird,Pro,[],5
Innova,TeeBird,Star,[],60
Innova,TeeBird,Champion,[],65
Innova,TeeBird,G star,[],14
Innova,TeeBird,KJ Swirled Star,[],11
Innova,TeeBird,DX,[],6
Innova,TeeBird,Brinster JL,[],3
Innova,Roc (rancho),DX,[],42
Innova,Roc (rancho),KC Pro,[],37
Innova,Roc (rancho),Star,[],10
Innova,Roc (rancho),Champion,[],3
Innova,Valkyre,Champ,[],29
Innova,Valkyre,Star,[],21
Innova,Valkyre,DX,[],7
Innova,Valkyre,Pro,[],3
Innova,Wraith,Star,[],30
Innova,Wraith,Champion,[],16
Innova,Wraith,Pro,[],10
Innova,Wraith,Blizzard,[],3
Innova,Wraith,Gstar,[],2
Innova,Wraith,Echo,[],2
Innova,Leopard3,Champion,Glow,2
Innova,Leopard3,Star,[],14
Innova,Leopard3,Glow Champion,[],2
Innova,Beast,Champion,[],15
Innova,Beast,Star,[],9
Innova,Beast,Pro,[],6
Innova,Beast,DX,[],4
Innova,Beast,Blizzard Champion,[],2
Innova,[deleted],Champ,[],18
Innova,[deleted],Star,[],11
Innova,[deleted],G-Star,[],3
Innova,[deleted],Hannah Letherman ,[],2
Innova,Leopard,DX,[],22
Innova,Leopard,Champion,[],20
Innova,Leopard,Gstar,[],13
Innova,Leopard,Star,[],14
Innova,Leopard,Pro,[],7
Innova,Gator,Star,[],9
Innova,Gator,Metal Flake Champion,[],6
Innova,Gator,CFR Flat Top Champion,[],3
Innova,[deleted],Champion,[],21
Innova,[deleted],Star,[],12
Innova,Boss,Star,[],9
Innova,Boss,Blizzard,[],11
Innova,Boss,Champion,[],4
Innova,Boss,GStar,[],2
Innova,Boss,DX,[],2
Innova,Eagle,Champion ,[],11
Innova,Eagle,Star,[],5
Innova,Eagle,DX,[],3
Innova,Orc,Champion,[],17
Innova,Orc,Pro,[],2
Innova,Orc,Star,[],2
Innova,Shark,DX,[],17
Innova,TL,Star,[],11
Innova,TL,Champion,[],5
Innova,Mako,Star,[],8
Innova,Teebird3,Metalflake ,[],5
Innova,Teebird3,Champion,[],3
Innova,Dart,R-Pro,[],8
Innova,Mamba,Champion,[],2
Innova,Banshee,Champion,[],3
Innova,Stingray,DX,[],3
Innova,Colt,XT,[],3
Innova,Panther,Champion,[],2
Innova,Monster,Champion,[],2
Innova,Pig,R-Pro,[],2
Innova,TL3,GStar,[],2
Discmania,FD,C-line,[],32
Discmania,FD,S-Line,[],26
Discmania,FD,G-Line,[],4
Discmania,DDX,S-line,[],39
Discmania,DDX,Metal Flake C-line,[],4
Discmania,DDX,C line,[],2
Discmania,PD,S-Line,[],23
Discmania,PD,C-Line,[],17
Discmania,PD,P-Line,[],4
Discmania,PD,G line ,[],3
Discmania,P2,S-Line ,[],20
Discmania,P2,D-line,[],11
Discmania,P2,P-Line,[],7
Discmania,P2,C-line,[],2
Discmania,MD3,C-line,[],14
Discmania,MD3,Glow,[],8
Discmania,MD3,P-line,[],6
Discmania,PD2,C-Line,[],8
Discmania,PD2,S-line,[],3
Discmania,CD2,C-line,[],3
Discmania,CD2,G-Line,[],2
Discmania,FD2,C-line,[],2
Discmania,PDx,S-Line,[],2
Discmania,PDx,C-Line,[],2
Discmania,FD3,Metal Flake C-line,[],2
Discraft,Buzzz,Z,[],64
Discraft,Buzzz,ESP,[],15
Discraft,Buzzz,Ti,[],13
Discraft,Buzzz,Z FLX,[],10
Discraft,Buzzz,X,[],2
Discraft,Buzzz,D,[],2
Discraft,Buzzz,ESP FLX,[],2
Discraft,Comet,Z,[],16
Discraft,Comet,ESP,[],6
Discraft,Comet,X,[],4
Discraft,Comet,Titanium,[],3
Discraft,Comet,Big Z,[],2
Discraft,Comet,Glow,[],2
Discraft,Zone,ESP,[],14
Discraft,Zone,Z FLX,[],14
Discraft,Zone,Jawbreaker,[],4
Discraft,Zone,Z,[],3
Discraft,Zone,TI,[],3
Discraft,Buzzz OS,Z,[],20
Discraft,Buzzz OS,Cryztal,[],2
Discraft,Undertaker,Z,[],8
Discraft,Undertaker,Ti,[],5
Discraft,Undertaker,Big z,[],2
Discraft,Drone,ESP FLX,[],5
Discraft,Drone,Big Z,[],3
Discraft,Drone,Z,[],2
Discraft,Stalker,Z,[],8
Discraft,Challenger,Jawbreaker,[],3
Discraft,Challenger,Pro D,[],3
Discraft,Predator,ESP,[],3
Discraft,Heat,Z,[],3
Discraft,Thrasher,Z,[],6
Discraft,Hornet,Z,[],7
Discraft,XL,Pro d,[],2
Discraft,Wasp,Z,[],2
Discraft,Mantis,Z Lite,[],2
Discraft,Proto Mantis,TI,[],2
Discraft,Stratus,X,[],2
Gateway,Wizard,SSS,[],22
Gateway,Wizard,SS,[],14
Gateway,Wizard,Soft,[],9
Gateway,Wizard,Eraser,[],8
Gateway,Wizard,SuperGlow,[],3
Gateway,Wizard,RFF,[],3
Gateway,Wizard,OG,[],2
Gateway,Voodoo,SSS,[],5
Gateway,Voodoo,Super Soft,[],2
Gateway,Magic,Super Soft,[],3
Gateway,Magic,Super Stupid Soft,[],3
Gateway,Magic,Soft,[],2
Latitude 64,River,Opto,[],25
Latitude 64,River,Gold Line,[],20
Latitude 64,River,Moonshine,[],2
Latitude 64,Pure,Opto,[],16
Latitude 64,Pure,Zero Meduim,[],6
Latitude 64,Pure,Zero Hard,[],5
Latitude 64,Pure,Zero Soft,[],2
Latitude 64,Pure,Zero Soft,[],2
Latitude 64,Pure,Retro,[],2
Latitude 64,Saint,Gold Line,[],14
Latitude 64,Saint,Opto,[],7
Latitude 64,Saint Pro,Opto,[],9
Latitude 64,Saint Pro,Gold line,[],9
Latitude 64,XXX,Opto,[],16
Latitude 64,XXX,Gold line,[],6
Latitude 64,Fuse,Opto,[],6
Latitude 64,Fuse,Gold Line,[],2
Latitude 64,Fury,Opto,[],6
Latitude 64,Ballista,Opto,[],5
Latitude 64,Bolt,Opto,[],5
Latitude 64,Mercy,Soft,[],2
Latitude 64,Stiletto,Opto,[],3
Latitude 64,Stiletto,Gold line,[],2
Latitude 64,Flow,Opto,[],4
Latitude 64,Compass,Opto,[],3
Latitude 64,Mace,Opto,[],2
Latitude 64,Mace,Zero h√•rd,[],1
Latitude 64,Claymore,Opto,[],3
Westside,Harp,BT Hard,[],54
Westside,Harp,VIP,[],43
Westside,Harp,BT Medium,[],18
Westside,Harp,BT Soft,[],11
Westside,Harp,Tournament,[],5
Westside,Bard,VIP,[],8
Westside,Bard,BT,[],3
Westside,Bard,TP,[],3
Westside,Tursas,VIP,[],13
Westside,Tursas,TP,[],5
Westside,Shield,BT Hard ,[],6
Westside,Shield,VIP,[],5
Westside,Shield,BT Medium ,[],5
Westside,Underworld,VIP,[],10
Westside,Hatchet,VIP,[],8
Westside,Hatchet,Tournament,[],3
Westside,Stag,Tournament,[],9
Westside,Stag,VIP,[],2
Westside,Swan2,BT Soft,[],2
Westside,Swan2,BT Hard,[],2
Westside,Swan2,BT Megasoft,[],1
Westside,Sorcerer,VIP,[],5
Westside,Sorcerer,Tournament,[],2
Westside,Sword,Tournament,[],6
Westside,Sword,VIP,[],2
Westside,King,TP,[],3
Westside,Destiny,Tournament,[],3
Westside,Giant,VIP,[],3
Westside,Warship,VIP,[],10
Westside,Northman,TP,[],2
Westside,World,VIP,[],3
Legacy,Rival,Pinnacle,[],13
Legacy,Rival,Icon,[],5
Legacy,Outlaw,Icon,[],9
Legacy,Outlaw,Pinnacle,[],9
Legacy,Outlaw,Legend,[],3
Legacy,Patriot,Icon,[],5
Legacy,Patriot,Pinnacle,[],3
Legacy,Ghost,Pinnacle,[],6
Legacy,Ghost,Gravity,[],2
Legacy,Ghost,Protege,[],2
Legacy,Phenom,Icon,[],3
Legacy,Enemy,Icon,[],2
Legacy,Gauge,Pinnacle,[],2
Dynamic Discs,Judge,Classic Blend,[],18
Dynamic Discs,Judge,Classic Hard,[],10
Dynamic Discs,Judge,"Prime",[],7
Dynamic Discs,Judge,Classic Soft,[],6
Dynamic Discs,Judge,Fuzion,[],7
Dynamic Discs,Emac Truth ,Lucid ,[],15
Dynamic Discs,Emac Truth ,Fuzion,[],5
Dynamic Discs,Emac Truth ,Moonshine,[],2
Dynamic Discs,Felon,Lucid,[],20
Dynamic Discs,Felon,Fuzion,[],2
Dynamic Discs,Justice,Lucid,[],12
Dynamic Discs,Verdict,Lucid,[],14
Dynamic Discs,Verdict,Prime,[],2
Dynamic Discs,Warden ,Classic ,[],12
Dynamic Discs,Warden ,Fluid,[],2
Dynamic Discs,Truth ,Lucid ,[],19
Dynamic Discs,Truth ,Fuzion ,[],3
Dynamic Discs,Trespass,Lucid,[],8
Dynamic Discs,Trespass,Bio Fusion,[],3
Dynamic Discs,Escape ,Lucid,[],7
Dynamic Discs,Escape ,Moonshine ,[],3
Dynamic Discs,Escape ,Prime,[],2
Dynamic Discs,Enforcer,Biofusion,[],3
Dynamic Discs,Enforcer,Lucid,[],3
Dynamic Discs,Defender,Biofuzion,[],3
Dynamic Discs,Defender,Lucid,[],2
Dynamic Discs,Renegade,Fuzion,[],3
Dynamic Discs,Renegade,Lucid,[],2
Dynamic Discs,Warrant ,Lucid ,[],3
Dynamic Discs,Freedom,Lucid,[],5
Dynamic Discs,Suspect,Biofuzion,[],2
Dynamic Discs,"Evidence",Lucid,[],3
MVP,Ion,Soft Electron,[],5
MVP,Ion,Soft proton,[],4
MVP,Ion,Proton,[],2
MVP,Anode,Proton eclipse ,[],2
MVP,Anode,Soft Proton,[],2
MVP,Tesla,Proton,[],2
MVP,Photon,Fission,[],4
MVP,Inertia,Neutron ,[],2
[deleted],[deleted],Neutron hard,[],6
[deleted],[deleted],Proton,[],3
[deleted],[deleted],Plasma!,[],2
[deleted],Proxy,Neutron,[],3
[deleted],Insanity,Neutron ,[],3
[deleted],Alias,Neutron,[],2
Prodigy,M4,400G,[],10
Prodigy,M4,750,[],2
Prodigy,Pa-1,300,[],5
Prodigy,PA3,300,[],4
Prodigy,M2,400G,[],2
Prodigy,X1,400,[],2
Vibram,Ridge,X-Link Medium,[],3
DGA,Squall,SP,[],2
DGA,Hurricane,SP,[],2
DGA,Pipeline,Proline,[],3
DGA,Breaker,SP,[],3
DGA,Breaker,"Proline",[],2
DGA,Steady Eddy,D,[],2
Prodiscus,Jokeri,Premium,[],5
Prodiscus,Jokeri,Ultrium,[],3
Prodiscus,Jokeri,Basic,[],2
Prodiscus,Titan,Ultrium,[],2
Prodiscus,Titan,Premium,[],1
Prodiscus,Laseri,Premium,[],2
Prodiscus,Laseri,Ultrium,[],2
Prodiscus,Razeri,Ultrium,[],1
Kastaplast,Kaxe,K1,[],5
Kastaplast,Kaxe,K3,[],2
Kastaplast,Kaxe Z,K1,[],3
Kastaplast,Reko ,K3,[],3
Kastaplast,Reko ,K1,[],2
Kastaplast,Grym ,K1,[],3
